p,pL_mw,pL_var,reduction_pct,H_mw,H_var
0.001,1.62774214e-05,1.62771634e-05,0.001585,147,147
